group_id,group_type,food,freshness,file
1,SAME_LABEL,Banana,Fresh,D:\info_project\dataset\Processed Data\Fresh Banana(1-4)\IMG_20251104_131700306_HDR_AE~2.jpg
1,SAME_LABEL,Banana,Fresh,D:\info_project\dataset\Processed Data\Fresh Banana(1-4)\IMG_20251104_131700306_HDR_AE~3.jpg
1,SAME_LABEL,Banana,Fresh,D:\info_project\dataset\Processed Data\Fresh Banana(1-4)\IMG_20251104_131700306_HDR_AE~4.jpg
2,SAME_LABEL,Banana,Fresh,D:\info_project\dataset\Processed Data\Fresh Banana(1-4)\IMG_20251104_131713223_HDR_AE~2.jpg
2,SAME_LABEL,Banana,Fresh,D:\info_project\dataset\Processed Data\Fresh Banana(1-4)\IMG_20251104_131713223_HDR_AE~3.jpg
2,SAME_LABEL,Banana,Fresh,D:\info_project\dataset\Processed Data\Fresh Banana(1-4)\IMG_20251104_131713223_HDR_AE~4.jpg
2,SAME_LABEL,Banana,Fresh,D:\info_project\dataset\Processed Data\Fresh Banana(1-4)\IMG_20251104_131713223_HDR_AE~5.jpg
2,SAME_LABEL,Banana,Fresh,D:\info_project\dataset\Processed Data\Fresh Banana(1-4)\IMG_20251104_131713223_HDR_AE~6.jpg
3,SAME_LABEL,Cucumber,Fresh,D:\info_project\dataset\Processed Data\Fresh Cucumber(1-6)\aug_365_IMG_20260204_152047.jpg
3,SAME_LABEL,Cucumber,Fresh,D:\info_project\dataset\Processed Data\Fresh Cucumber(1-6)\IMG_20260204_152047.jpg
4,CROSS_LABEL,Orange,Fresh,D:\info_project\dataset\Processed Data\Fresh Orange(1-9)\IMG-20251122-WA0000.jpg
4,CROSS_LABEL,Orange,Semi-Fresh,D:\info_project\dataset\Processed Data\Semi fresh Orange(9-20)\IMG-20251122-WA0000.jpg
5,CROSS_LABEL,Orange,Fresh,D:\info_project\dataset\Processed Data\Fresh Orange(1-9)\IMG-20251122-WA0001.jpg
5,CROSS_LABEL,Orange,Semi-Fresh,D:\info_project\dataset\Processed Data\Semi fresh Orange(9-20)\IMG-20251122-WA0001.jpg
6,CROSS_LABEL,Orange,Fresh,D:\info_project\dataset\Processed Data\Fresh Orange(1-9)\IMG-20251122-WA0002.jpg
6,CROSS_LABEL,Orange,Semi-Fresh,D:\info_project\dataset\Processed Data\Semi fresh Orange(9-20)\IMG-20251122-WA0002.jpg
7,CROSS_LABEL,Orange,Fresh,D:\info_project\dataset\Processed Data\Fresh Orange(1-9)\IMG-20251122-WA0003.jpg
7,CROSS_LABEL,Orange,Semi-Fresh,D:\info_project\dataset\Processed Data\Semi fresh Orange(9-20)\IMG-20251122-WA0003.jpg
8,CROSS_LABEL,Orange,Fresh,D:\info_project\dataset\Processed Data\Fresh Orange(1-9)\IMG-20251122-WA0004.jpg
8,CROSS_LABEL,Orange,Semi-Fresh,D:\info_project\dataset\Processed Data\Semi fresh Orange(9-20)\IMG-20251122-WA0004.jpg
9,CROSS_LABEL,Orange,Fresh,D:\info_project\dataset\Processed Data\Fresh Orange(1-9)\IMG-20251122-WA0005.jpg
9,CROSS_LABEL,Orange,Semi-Fresh,D:\info_project\dataset\Processed Data\Semi fresh Orange(9-20)\IMG-20251122-WA0005.jpg
10,CROSS_LABEL,Orange,Fresh,D:\info_project\dataset\Processed Data\Fresh Orange(1-9)\IMG-20251122-WA0006.jpg
10,CROSS_LABEL,Orange,Semi-Fresh,D:\info_project\dataset\Processed Data\Semi fresh Orange(9-20)\IMG-20251122-WA0006.jpg
11,CROSS_LABEL,Orange,Fresh,D:\info_project\dataset\Processed Data\Fresh Orange(1-9)\IMG-20251122-WA0007.jpg
11,CROSS_LABEL,Orange,Semi-Fresh,D:\info_project\dataset\Processed Data\Semi fresh Orange(9-20)\IMG-20251122-WA0007.jpg
12,CROSS_LABEL,Orange,Fresh,D:\info_project\dataset\Processed Data\Fresh Orange(1-9)\IMG-20251122-WA0008.jpg
12,CROSS_LABEL,Orange,Semi-Fresh,D:\info_project\dataset\Processed Data\Semi fresh Orange(9-20)\IMG-20251122-WA0008.jpg
13,CROSS_LABEL,Orange,Fresh,D:\info_project\dataset\Processed Data\Fresh Orange(1-9)\IMG-20251122-WA0009.jpg
13,CROSS_LABEL,Orange,Semi-Fresh,D:\info_project\dataset\Processed Data\Semi fresh Orange(9-20)\IMG-20251122-WA0009.jpg
14,CROSS_LABEL,Orange,Fresh,D:\info_project\dataset\Processed Data\Fresh Orange(1-9)\IMG-20251122-WA0010.jpg
14,CROSS_LABEL,Orange,Semi-Fresh,D:\info_project\dataset\Processed Data\Semi fresh Orange(9-20)\IMG-20251122-WA0010.jpg
15,CROSS_LABEL,Orange,Fresh,D:\info_project\dataset\Processed Data\Fresh Orange(1-9)\IMG-20251122-WA0011.jpg
15,CROSS_LABEL,Orange,Semi-Fresh,D:\info_project\dataset\Processed Data\Semi fresh Orange(9-20)\IMG-20251122-WA0011.jpg
16,CROSS_LABEL,Orange,Fresh,D:\info_project\dataset\Processed Data\Fresh Orange(1-9)\IMG-20251122-WA0012.jpg
16,CROSS_LABEL,Orange,Semi-Fresh,D:\info_project\dataset\Processed Data\Semi fresh Orange(9-20)\IMG-20251122-WA0012.jpg
17,CROSS_LABEL,Orange,Fresh,D:\info_project\dataset\Processed Data\Fresh Orange(1-9)\IMG-20251122-WA0013.jpg
17,CROSS_LABEL,Orange,Semi-Fresh,D:\info_project\dataset\Processed Data\Semi fresh Orange(9-20)\IMG-20251122-WA0013.jpg
18,CROSS_LABEL,Orange,Fresh,D:\info_project\dataset\Processed Data\Fresh Orange(1-9)\IMG-20251122-WA0014.jpg
18,CROSS_LABEL,Orange,Semi-Fresh,D:\info_project\dataset\Processed Data\Semi fresh Orange(9-20)\IMG-20251122-WA0014.jpg
19,CROSS_LABEL,Orange,Fresh,D:\info_project\dataset\Processed Data\Fresh Orange(1-9)\IMG-20251122-WA0015.jpg
19,CROSS_LABEL,Orange,Semi-Fresh,D:\info_project\dataset\Processed Data\Semi fresh Orange(9-20)\IMG-20251122-WA0015.jpg
20,CROSS_LABEL,Orange,Fresh,D:\info_project\dataset\Processed Data\Fresh Orange(1-9)\IMG_20251116_220609831_HDR.jpg
20,CROSS_LABEL,Orange,Semi-Fresh,D:\info_project\dataset\Processed Data\Semi fresh Orange(9-20)\IMG_20251116_220609831_HDR.jpg
21,SAME_LABEL,Papaya,Fresh,D:\info_project\dataset\Processed Data\Fresh Papaya(1-4)\aug_124_IMG_20251123_012946.jpg
21,SAME_LABEL,Papaya,Fresh,D:\info_project\dataset\Processed Data\Fresh Papaya(1-4)\IMG_20251123_012946.jpg
22,SAME_LABEL,Papaya,Fresh,D:\info_project\dataset\Processed Data\Fresh Papaya(1-4)\aug_430_IMG_20260116_030551.jpg
22,SAME_LABEL,Papaya,Fresh,D:\info_project\dataset\Processed Data\Fresh Papaya(1-4)\IMG_20260116_030551.jpg
23,SAME_LABEL,Papaya,Fresh,D:\info_project\dataset\Processed Data\Fresh Papaya(1-4)\aug_70_IMG_20251121_081111.jpg
23,SAME_LABEL,Papaya,Fresh,D:\info_project\dataset\Processed Data\Fresh Papaya(1-4)\IMG_20251121_081111.jpg
24,SAME_LABEL,Bittermelon,Rotten,D:\info_project\dataset\Processed Data\Rotten Bittermelon(5-8)\aug_92_IMG_20260122_003428.jpg
24,SAME_LABEL,Bittermelon,Rotten,D:\info_project\dataset\Processed Data\Rotten Bittermelon(5-8)\IMG_20260122_003428.jpg
25,SAME_LABEL,Orange,Rotten,D:\info_project\dataset\Processed Data\Rotten Orange(20-35)\aug_276_IMG-20251230-WA0034.jpg
25,SAME_LABEL,Orange,Rotten,D:\info_project\dataset\Processed Data\Rotten Orange(20-35)\IMG-20251230-WA0034.jpg
26,SAME_LABEL,Orange,Rotten,D:\info_project\dataset\Processed Data\Rotten Orange(20-35)\aug_98_IMG-20251114-WA0004.jpg
26,SAME_LABEL,Orange,Rotten,D:\info_project\dataset\Processed Data\Rotten Orange(20-35)\IMG-20251114-WA0004.jpg
27,SAME_LABEL,Banana,Semi-Fresh,D:\info_project\dataset\Processed Data\Semi fresh banana(4-7)\aug_205_IMG_20251123_110010767_HDR_AE.jpg
27,SAME_LABEL,Banana,Semi-Fresh,D:\info_project\dataset\Processed Data\Semi fresh banana(4-7)\IMG_20251123_110010767_HDR_AE.jpg
28,SAME_LABEL,Banana,Semi-Fresh,D:\info_project\dataset\Processed Data\Semi fresh banana(4-7)\IMG_20251107_113837338_HDR_AE(1).jpg
28,SAME_LABEL,Banana,Semi-Fresh,D:\info_project\dataset\Processed Data\Semi fresh banana(4-7)\IMG_20251107_113837338_HDR_AE.jpg
29,SAME_LABEL,Bittermelon,Semi-Fresh,D:\info_project\dataset\Processed Data\Semi Fresh Bittermelon ( 3-5)\aug_106_IMG_20260116_025922.jpg
29,SAME_LABEL,Bittermelon,Semi-Fresh,D:\info_project\dataset\Processed Data\Semi Fresh Bittermelon ( 3-5)\IMG_20260116_025922.jpg
30,SAME_LABEL,Bittermelon,Semi-Fresh,D:\info_project\dataset\Processed Data\Semi Fresh Bittermelon ( 3-5)\aug_167_IMG_20251123_013340.jpg
30,SAME_LABEL,Bittermelon,Semi-Fresh,D:\info_project\dataset\Processed Data\Semi Fresh Bittermelon ( 3-5)\IMG_20251123_013340.jpg
31,SAME_LABEL,Orange,Semi-Fresh,D:\info_project\dataset\Processed Data\Semi fresh Orange(9-20)\aug_159_IMG_20251113_124206908_HDR_AE.jpg
31,SAME_LABEL,Orange,Semi-Fresh,D:\info_project\dataset\Processed Data\Semi fresh Orange(9-20)\IMG_20251113_124206908_HDR_AE.jpg
32,SAME_LABEL,Orange,Semi-Fresh,D:\info_project\dataset\Processed Data\Semi fresh Orange(9-20)\aug_23_IMG_20251201_133050303_HDR.jpg
32,SAME_LABEL,Orange,Semi-Fresh,D:\info_project\dataset\Processed Data\Semi fresh Orange(9-20)\IMG_20251201_133050303_HDR.jpg
33,SAME_LABEL,Papaya,Semi-Fresh,D:\info_project\dataset\Processed Data\Semi Fresh Papaya(4-7)\aug_348_IMG_20251031_164000.jpg
33,SAME_LABEL,Papaya,Semi-Fresh,D:\info_project\dataset\Processed Data\Semi Fresh Papaya(4-7)\aug_467_IMG_20251031_164000.jpg
34,SAME_LABEL,Pineapple,Semi-Fresh,D:\info_project\dataset\Processed Data\Semi fresh Pineapple (15-25)\aug_66_IMG-20251207-WA0024.jpg
34,SAME_LABEL,Pineapple,Semi-Fresh,D:\info_project\dataset\Processed Data\Semi fresh Pineapple (15-25)\IMG-20251207-WA0024.jpg
35,SAME_LABEL,Tomato,Semi-Fresh,D:\info_project\dataset\Processed Data\Semi fresh Tomato(10-24)\IMG_20251201_185705406_HDR(1).jpg
35,SAME_LABEL,Tomato,Semi-Fresh,D:\info_project\dataset\Processed Data\Semi fresh Tomato(10-24)\IMG_20251201_185705406_HDR.jpg
36,SAME_LABEL,Tomato,Semi-Fresh,D:\info_project\dataset\Processed Data\Semi fresh Tomato(10-24)\IMG_20251201_185755067_HDR(1).jpg
36,SAME_LABEL,Tomato,Semi-Fresh,D:\info_project\dataset\Processed Data\Semi fresh Tomato(10-24)\IMG_20251201_185755067_HDR.jpg
